catalog_number,item_name,category,item_image,unit_uom
ES1S-CH-CC001-002  ,Electronic Contact Cleaner CRC,,C4.jpg,
ES1S-CH-LA001-001  ,PURE LEAD ANODE 99.9%,,,PCS
ES1S-CS-AR001-009  ,Anti-Rust ARX-98 (20L),,C6.jpg,PAIL
ES1S-CS-CA001-001  ,PPE-Cotton Apron (Navy Blue),,C7.jpg,PCS
ES1S-CS-CATRIDGE-001  ,PPE-Multi Gas/Vapor Cartridge 3M 6006,,C8.jpg,PAIR
ES1S-CS-CC001-001  ,PPE-Non-Woven Clip Cap(Blue),,C9.jpg,BAG
ES1S-CS-CG001-005  ,PPE-Knitted Cotton Glove 105(Dark Green),,C10.jpg,DOZ
ES1S-CS-CG001-012  ,PPE-Knitted Cotton Glove 105(Red),,C11.jpg,DOZ
ES1S-CS-CG001-013  ,PPE-Knitted Cotton Glove 106(Green),,C12.jpg,DOZ
ES1S-CS-CG001-014  ,PPE-Knitted Cotton Glove 107(Blue)-1,,C13.jpg,DOZ
ES1S-CS-CG001-015  ,PPE-Knitted Cotton Glove 104(White),,C14.jpg,DOZ
ES1S-CS-CP001-004  ,PPE-Disposable Protective Coverall,,C15.jpg,PCS
ES1S-CS-CT002-001  ,"PP Filter Cartridge (Wound) 10"" 10um",,C16.jpg,PCS
ES1S-CS-CT002-002  ,"FILTER CARTRIDGE 20"" X 1UM",,C17.jpg,PCS
ES1S-CS-CT002-005  ,"PP Filter Cartridge (Wound)20"" 10um",,C18.jpg,PCS
ES1S-CS-CT002-006  ,"PP Filter Cartridge (Wound)30"" 10um",,C19.jpg,PCS
ES1S-CS-EM001-002  ,PPE-Infinity Earmuff PROGUARD PC-03EM,,C20.jpg,UNIT
ES1S-CS-EP001-004  ,PPE-EarPlug PROGUARD EP1366 Reusable,,C21.jpg,PAIR
ES1S-CS-FR001-003  ,PPE-Silicone Half Face Respirator3M 7502,,C22.jpg,
ES1S-CS-FR001-005  ,PPE-Face Respirator FFP2-PC,,C23.jpg,
ES1S-CS-GL001-005  ,PPE-Disposable Plastic Glove (Bag),,C24.jpg,BOX
ES1S-CS-GL001-015  ,PPE-Gripper Glove SAFETYWARE GNR-01,,C25.jpg,PAIR
ES1S-CS-GL001-100  ,PPE-Full Leather Welding Glove 10-2000,,C26.jpg,
ES1S-CS-GL001-200  ,PPE-Powder Free Latex Glove,,C27.jpg,BOX
ES1S-CS-GL001-204  ,PPE-HPPE PU Palm Fit Glove N10590,,C28.jpg,PAIR
ES1S-CS-GL001-206  ,PPE-Full Leather Welding Glove FLG-35-EC,,C29.jpg,PAIR
ES1S-CS-GL001-208  ,"PPE-Nitrile Glove 13"" ANSELL 37-176-9",,C30.jpg,
ES1S-CS-GL001-209  ,"PPE-10"" Semi Leather Double Palm Glove",,C31.jpg,PAIR
ES1S-CS-HC001-001  ,Hand Cover,,C32.jpg,SET
ES1S-CS-HC001-002  ,PPE-Hand Cover (Small),,,SET
ES1S-CS-HS001-003  ,PPE-Safety Helmet Slide Lock HG2-PHSL-Y,,C34.jpg,PCS
ES1S-CS-HS001-005  ,PPE-Helmet Harness HMT/H-Ness (PHSL),,C35.jpg,PCS
ES1S-CS-HS001-006  ,PPE-Replacement Sweatband (SB2),,C36.jpg,PCS
ES1S-CS-LP001-003  ,"Long Pants (Production) 32""",,C37.jpg,PCS
ES1S-CS-LP001-004  ,"Long Pants (Production) 34""",,C38.jpg,PCS
ES1S-CS-LP001-005  ,"Long Pants (Production) 36""",,C39.jpg,PCS
ES1S-CS-MK001-002  ,PPE-Nose Cup Assembly 3M,,C40.jpg,PCS
ES1S-CS-MK001-004  ,PPE-Disposable Face Mask 3Ply,,C41.jpg,PCS
ES1S-CS-MK001-007,PPE-Disposable Face Mask KN95 5Ply,,,PCS
ES1S-CS-MS001-004,PPE-Particulate Respirator N95 3M 9502,,,PCS
ES1S-CS-MK001-006  ,PPE-Full Face Shield,,C42.jpg,
ES1S-CS-SB001-004  ,Sludge Bag 500mm X 500mm X 500mm(H),,C43.jpg,PCS
ES1S-CS-SG001-002  ,PPE-Chemical Splash Google SG-800-AF,,C44.jpg,UNIT
ES1S-CS-SH001-019  ,PPE-Leather Safety Shoes-GSF,,C45.jpg,
ES1S-CS-SH001-020  ,PPE-Safety Shoes HERCULES R310,,C46.jpg,PAIR
ES1S-CS-SO001-001  ,PPE-Safety Overglasses SG-500C,,C47.jpg,PCS
ES1S-CS-SP001-002  ,PPE-Anti-Fog Spectacle SG-100C-AF(Clear),,C48.jpg,
ES1S-CS-SS001-001  ,Sleeve Shirt (Security),,C49.jpg,
ES1S-CS-TS001-018  ,Excel Rim T-Shirt Size:XXXL (Black),,C50.jpg,PCS
ES1S-CS-TS001-019  ,Excel Rim T-Shirt Size:S (Black 01),,C51.jpg,PCS
ES1S-CS-TS001-020  ,Excel Rim T-Shirt Size:M (Black 01),,C52.jpg,PCS
ES1S-CS-TS001-021  ,Excel Rim T-Shirt Size:L (Black 01),,C53.jpg,PCS
ES1S-CS-TS001-022  ,Excel Rim T-Shirt Size:XL (Black 01),,C54.jpg,PCS
ES1S-CS-TS001-023  ,Excel Rim T-Shirt Size:XXL (Black 01),,C55.jpg,PCS
ES1S-CS-TS001-024  ,Excel Asia T-Shirt Size:S (Black),,C56.jpg,PCS
ES1S-CS-TS001-025  ,Excel Asia T-Shirt Size:M (Black),,C57.jpg,PCS
ES1S-CS-TS001-026  ,Excel Asia T-Shirt Size:L (Black),,C58.jpg,PCS
ES1S-CS-TS001-027  ,Excel Asia T-Shirt Size:XL (Black),,C59.jpg,PCS
ES1S-CS-TS001-028  ,Excel Rim T-Shirt Size:XXXL (Black 01),,C60.jpg,PCS
ES1S-CS-TS001-029  ,Excel Rim T-Shirt Size:XXXXL (Black 01),,C61.jpg,PCS
ES1S-CS-WR001-001  ,Industrial Wiping Rag-S2,,C62.jpg,KG
ES1S-CS-WR001-002  ,Polyester Rag - Sewn,,C63.jpg,KG
ES1S-CT-CT002-003  ,Multi-purpose Cutters 190mm,,C64.jpg,
ES1S-EL-AC001-002  ,Auxiliary Contact Block FUJI SZ-A-11-5,,C65.jpg,
ES1S-EL-ACA001-001  ,MPEX SD963A 60/5A AC AMMETER,,C66.jpg,UNIT
ES1S-EL-ACS001-001  ,Auxiliary Circuit Switches,,C67.jpg,UNIT
ES1S-EL-AF001-001  ,Cooling Blower OMRON R87F-A6A93HP,,C68.jpg,UNIT
ES1S-EL-AM001-001  ,Amp Meter FOTEK MA-21R 90~265V AC,,C69.jpg,PCS
ES1S-EL-AM001-005  ,Analog Amp Meter CF-80 50A (Direct Type),,C70.jpg,PCS
ES1S-EL-BP001-003  ,"PVC Push Button Box, Hole: 22 x 1.",,,PCS
ES1S-EL-BP001-007  ,"PVC Push Button Box, Hole: 22 x 5.",,C71.jpg,PCS
ES1S-EL-BT001-004  ,Battery 9V,,C73.jpg,
ES1S-EL-BT001-030  ,Battery D,,C74.jpg,PCS
ES1S-EL-BU001-007  ,"Filament Bulb 3.8V,Screw Type,E10",,C75.jpg,PCS
ES1S-EL-BU001-010  ,Filament Bulb 240V 15W E12 T20x50mm,,C76.jpg,PCS
ES1S-EL-BZ001-008  ,Flash Buzzer SECO AD588-SD 22mm with LED,,C77.jpg,PCS
ES1S-EL-CC001-005  ,CIRCUIT BREAKER MEM 20AMP 3POLE,,C78.jpg,PCS
ES1S-EL-CC001-006  ,CIRCUIT BREAKER MEM 10AMP 1POLE,,C79.jpg,PCS
ES1S-EL-CC001-007 ,CIRCUIT BREAKER MEM 6AMP 1POLE,,C80.jpg,PCS
ES1S-EL-CO001-002  ,Magnetic Contactor FUJI SC-0 AC240V 1NO,,C81.jpg,PCS
ES1S-EL-CO001-003  ,Magnetic Contactor FUJI SC-0 AC240V 1NC,,C82.jpg,PCS
ES1S-EL-CO001-015  ,Single Contact Block SCHNEIDER ZBE102 NC,,C83.jpg,UNIT
ES1S-EL-CO001-016  ,MPEX MX1B-60 CLASS 1 60/5A C.T COIL,,C84.jpg,UNIT
ES1S-EL-CO001-019  ,Mounting Collar+Contact Block ZB4BZ101,,C85.jpg,
ES1S-EL-CO001-022  ,Magnetic Contactor FUJI SC-03 AC240V 1NC,,C86.jpg,PCS
ES1S-EL-CO001-023  ,Magnetic Contactor FUJI SC-03 AC240V 1NO,,C87.jpg,PCS
ES1S-EL-CO001-024  ,Magnetic Contactor FUJI SC-05 AC240V,,C88.jpg,
ES1S-EL-CO001-026  ,Magnetic Contactor FUJI SC-N2 AC240V,,C89.jpg,
ES1S-EL-CO001-028  ,Contact Block TEND BR-3-2B 2NC,,C90.jpg,PCS
ES1S-EL-CO001-033  ,Single Contact Block SCHNEIDER ZB5AZ104,,C91.jpg,PCS
ES1S-EL-DC001-004  ,"Counter FOTEK HC-41P, AC200-240V",,C92.jpg,PCS
ES1S-EL-DC001-007  ,Counter,,C93.jpg,UNIT
ES1S-EL-DC001-009  ,"Counter FOTEK SK-2D, AC90-240V",,C95.jpg,PCS
ES1S-EL-DC001-010  ,Timer FOTEK STP-2D 0.01s~99h AC240V,,C94.jpg,
ES1S-EL-DC001-011  ,Counter OMRON H7CX-AD-N 12-24VDC,,C96.jpg,
ES1S-EL-DT001-004  ,Digital Timer CIKACHI AH3D-DM1 AC240V,,C97.jpg,
ES1S-EL-DT001-006  ,Digital Timer CIKACHI AH3D-DM1 DC24V,,C98.jpg,
ES1S-EL-DT001-011  ,Digital Timer CIKACHI BH3D-DM DC24V,,C99.jpg,
ES1S-EL-DT001-013  ,Digital Time Switch OMRON H5F-B,,C100.jpg,PCS
ES1S-EL-EB001-005  ,"PT Elbow_PVC_1""",,C101.jpg,
ES1S-EL-EC001-001  ,USB Extension Cable 1.50m,,C102.jpg,
ES1S-EL-EL001-002  ,Emergency Light PNE PEL-18,,C103.jpg,PCS
ES1S-EL-FA001-003  ,"Wall Fan 16"" Crown",,C104.jpg,
ES1S-EL-FA001-013  ,"Cooling Blower 3"" TOYO T2082S AC240V",,C105.jpg,PCS
ES1S-EL-FA001-021  ,"Cooling Fan HENGRO 4"" AC240V (Bearing)",,C106.jpg,
ES1S-EL-FA001-027  ,Cooling Blower TOYO FP-108EX-A240,,C107.jpg,
ES1S-EL-FS001-002  ,Floater Switch 16(4)Amp 250VAC,,C108.jpg,
ES1S-EL-FS001-003  ,Foot Switch Plasma SFMP 10A AC250V,,C109.jpg,
ES1S-EL-FU001-005  ,MEM PVC FUSE HOLDER (SP),,C110.jpg,PCS
ES1S-EL-FU001-014  ,GLASS FUSE 5AMPx30MM,,C111.jpg,PCS
ES1S-EL-FU001-015  ,"Glass Fuse 3A, 6mm x 30mm(L)",,C112.jpg,PCS
ES1S-EL-FUSE-GLASS-3AMP  ,3AMP GLASS FUSE,,C113.jpg,PCS
ES1S-EL-GM001-013  ,CHIN SUNG HELICAL GEAR CSH28,,,UNIT
ES1S-EL-GM001-042  ,TUNG LEE PL28 400-180 S4-B Gear Motor,,C115.jpg,UNIT
ES1S-EL-HA001-006  ,MCB HAGER MY350E AC415V 50A 3 POLE,,C116.jpg,
ES1S-EL-HA001-008  ,MCB HAGER MY106E C6 AC240/415V 6A 1 POLE,,C117.jpg,PCS
ES1S-EL-HA001-009  ,MCB HAGER MY110E AC240/415V 10A 1Pole,,C118.jpg,PCS
ES1S-EL-HA001-010  ,RCCB HAGER CF463B AC230/400V 4POLE 63A,,C119.jpg,
ES1S-EL-HA001-012  ,RCCB HAGER CG484B AC240/415V 100A/0.5A,,C120.jpg,
ES1S-EL-HA001-013  ,MCB HAGER MY116E AC240/415V 16A 1Pole,,C121.jpg,
ES1S-EL-HA001-014  ,MCB HAGER MY120E AC240/415V 20A 1Pole,,C122.jpg,
ES1S-EL-HA001-015  ,MCB HAGER MY320E AC415V 20A 3 Pole,,C123.jpg,
ES1S-EL-HB001-001  ,"Halogen Bulb ""OSRAM"" Model: 62201",,C124.jpg,PCS
ES1S-EL-HB001-002  ,Halogen Bulb FLOOD PAR 38 AC220V-240V,,C125.jpg,UNIT
ES1S-EL-IN001-005  ,Mechanical Interlock FUJI SZ-RM,,C126.jpg,PCS
ES1S-EL-IS002-004  ,3 Pole Isolator Switch SCHNEIDER WHT35,,C127.jpg,PCS
ES1S-EL-LH001-002  ,Lamp Holder E27,,C128.jpg,PCS
ES1S-EL-LP001-001  ,LED Pilot Lamp 22mm AC240V White,,C129.jpg,PCS
ES1S-EL-MC001-003  ,MCB NES M40-320 C20 AC415V 20A 3Pole,,C130.jpg,PCS
ES1S-EL-MC001-005  ,MCB MEM HQPi-1020R6 20A 1 Pole,,C131.jpg,
ES1S-EL-MC003-001  ,MCCB TERASAKI S160SCF 100A 25KA 3POLE,,C132.jpg,PCS
ES1S-EL-MCB-32A-3P  ,HAGER 3 POLE 32AMP MCB,,C133.jpg,PCS
ES1S-EL-MF001-003  ,"Fan Guard 3"" TOYO TG3",,C134.jpg,PCS
ES1S-EL-MF001-004  ,"Fan Guard 6"" TOYO TG4",,C135.jpg,
ES1S-EL-MF001-005  ,"Fan Guard 4"" TOYO TG35",,C136.jpg,PCS
ES1S-EL-MS004-001  ,MEM 63A 2P MAIN SWITCH,,C137.jpg,PCS
ES1S-EL-NI001-001  ,Indicator Neon (Model: TPN-112G),,C138.jpg,PCS
ES1S-EL-NI001-002  ,Indicator Neon (Model: TPN-112R),,C139.jpg,PCS
ES1S-EL-NI001-003  ,Indicator Neon (Model: TPN-112W),,C140.jpg,PCS
ES1S-EL-OR001-011  ,Thermal Overload Relay FUJI TK13-P64,,C141.jpg,PCS
ES1S-EL-OR001-014  ,Overload Relay SIEMENS 3RU5146-4JB0,,C142.jpg,PCS
ES1S-EL-PA001-001  ,Digital AmpMeter ALISH AM5H-A-AA8-A-R2NN,,C143.jpg,
ES1S-EL-PA001-004  ,PANEL,,,UNIT
ES1S-EL-PB001-022  ,Push Button Switch,,C145.jpg,UNIT
ES1S-EL-PB001-027  ,Push Button Switch 22 SCHNEIDER ZB4 BA3,,C146.jpg,PCS
ES1S-EL-PB001-029  ,Push Button Switch 40 SCHNEIDER ZB4 BC4,,C147.jpg,
ES1S-EL-PB001-030  ,Push Button Switch 60 SCHNEIDER ZB4 BR3,,C148.jpg,PCS
ES1S-EL-PB001-031  ,Illuminated Push Button Switch ZB4 BW333,,C149.jpg,PCS
ES1S-EL-PB001-032  ,Illuminated Push Button Switch ZB4 BW353,,C150.jpg,
ES1S-EL-PB001-033  ,Push Button Switch 60 SCHNEIDER ZB4 BR4,,C151.jpg,PCS
ES1S-EL-PB001-034  ,Emergency Push Button SCHNEIDER ZB4BS84,,C152.jpg,
ES1S-EL-PB001-039  ,Illuminated Push Button Switch ZB4 BW343,,C153.jpg,
ES1S-EL-PB001-040  ,Illuminated Push Button Switch ZB5AW743,,C154.jpg,PCS
ES1S-EL-PB001-041  ,"Push Button Switch ""FUJI"" AR30B2R-11G",,C155.jpg,PCS
ES1S-EL-PB001-042  ,"Push Button Switch ""FUJI"" AR30B2R-11R",,C156.jpg,PCS
ES1S-EL-PL002-002  ,5 Pin Plug(Waterproof) AC380~415V 63A,,C157.jpg,PCS
ES1S-EL-PL002-004  ,15AMP PLUG TOP UMS,,C158.jpg,
ES1S-EL-PL003-005  ,"LED Pilot Lamp, 22mm, AC240V (Blue)",,,PCS
ES1S-EL-PL003-007  ,Led Pilot Lamp 22mm AC/DC24V (BLUE),,,
ES1S-EL-PL003-008  ,Led Pilot Lamp 22mm AC/DC24V (YELLOW),,,PCS
ES1S-EL-PL003-010  ,LED Pilot Lamp 22mm AC/DC24V (Red),,,
ES1S-EL-PL003-011  ,LED Pilot Lamp 22mm AC240V (Green),,,
ES1S-EL-PL003-012  ,LED Pilot Lamp 22mm AC240V (Red),,,PCS
ES1S-EL-PL003-013  ,LED Pilot Lamp 22mm AC240V (Yellow),,,PCS
ES1S-EL-PP002-001  ,5 Pin Plug(Waterproof) AC380~415V 32A,,C166.jpg,PCS
ES1S-EL-PS001-004  ,Inductive Proximity Sensor FOTEK PS-10N,,C167.jpg,PCS
ES1S-EL-PS001-006  ,Proximity Switch OMRON TL-N12 MD1,,C168.jpg,PCS
ES1S-EL-PS001-007  ,Proximity Switch OMRON E2EM-X30MX1,,C169.jpg,PCS
ES1S-EL-PS001-009  ,Inductive Proximity Sensor PR12-4DN M12,,C170.jpg,
ES1S-EL-PS001-013  ,Magnetic Proximity Sensor FUJI PE-U25NT,,,PCS
ES1S-EL-PS001-12  ,Proximity Sensor KEYENCE EM-005,,C172.jpg,
ES1S-EL-PS002-009  ,Switching Power Supply LRS-100-24,,C173.jpg,PCS
ES1S-EL-PS002-010  ,Switching Power Supply LRS-50-24,,C174.jpg,
ES1S-EL-PS003-001  ,5 Pin Socket(Waterproof) AC380~415v 32A,,,PCS
ES1S-EL-PS005-001  ,Plate Switch CROWN 10A 3Gang,,C176.jpg,PCS
ES1S-EL-PS005-002  ,Plate Switch 10A 4Gang (White Plastic),,C177.jpg,
ES1S-EL-PS005-007  ,Plate Switch SCHNEIDER 10A 2Gang 1Way,,C178.jpg,PCS
ES1S-EL-PS005-008  ,Plate Switch SCHNEIDER 10A 3Gang 1Way,,C179.jpg,PCS
ES1S-EL-PU001-001  ,Power Unit SANKI MH-23 AC240V,,C180.jpg,PCS
ES1S-EL-PUSH-BUTTON-MUSHROOM-HEAD-30MM  ,30MM MUSHROOM HEAD PUSH BUTTON,,C181.jpg,PCS
ES1S-EL-RC002-001 ,Rotary Encoder OMRON E6C2-CWZ6C,,C182.jpg,
ES1S-EL-RL001-001  ,Relay OMRON MY2N 8Pins DC24V,,C183.jpg,
ES1S-EL-RL001-005  ,Relay OMRON G7T-1122S 4 Pins DC24V,,C184.jpg,PCS
ES1S-EL-RL001-014  ,Thermal Overload Relay FUJI 1.7-2.6A,,C185.jpg,PCS
ES1S-EL-RL001-021  ,Relay OMRON MY2N 8Pins AC110,,C186.jpg,
ES1S-EL-RL001-023  ,Relay OMRON LY2N 8Pins AC100/110V,,C187.jpg,UNIT
ES1S-EL-RL001-024  ,Relay OMRON LY4N 14Pins DC24V,,C188.jpg,UNIT
ES1S-EL-RL001-025  ,Relay OMRON LY2N 8Pins AC220V,,C189.jpg,UNIT
ES1S-EL-RL001-026  ,Relay OMRON MY2N AC220V,,C190.jpg,UNIT
ES1S-EL-RL001-030  ,Relay OMRON MY4N 14Pins AC220~240V,,C191.jpg,
ES1S-EL-RL001-031  ,Relay OMRON MY4N AC110V,,C192.jpg,PCS
ES1S-EL-RL001-032  ,Relay OMRON G2R-1 DC24V,,C193.jpg,PCS
ES1S-EL-RL001-035  ,Relay OMRON MKS2PN 8Pins AC240V,,C194.jpg,PCS
ES1S-EL-RL001-037  ,Thermal Overload Relay FUJI TK13 4A~6A,,C195.jpg,
ES1S-EL-RL001-038  ,Thermal Overload Relay FUJI TK13 7A~11A,,C196.jpg,PCS
ES1S-EL-RL002-001  ,Relay Socket OMRON PF083A 8Pins M4x20,,C197.jpg,PCS
ES1S-EL-RL002-005  ,Relay Base OMRON PYF08A-E 8Pins M4x10,,C198.jpg,PCS
ES1S-EL-RL002-006  ,Relay Sockets OMRON P3G-08,,C199.jpg,
ES1S-EL-RL002-007  ,Relay Base OMRON PTF14A 14Pins,,,PCS
ES1S-EL-RL002-008  ,Relay Socket OMRON PYF14A-E 14Pins,,C201.jpg,PCS
ES1S-EL-SL001-001  ,"Limit Switch ANV LS-8104 AC250V,5A",,C202.jpg,
ES1S-EL-SL001-021  ,Limit Switch MOUJEN MJ-7104 AC 240V,,C203.jpg,PCS
ES1S-EL-SL001-022  ,Limit Switch OMRON Z-15GW22-B,,C204.jpg,
ES1S-EL-SL001-024  ,Limit Switch ANV LS-5108 AC240V,,C205.jpg,
ES1S-EL-SL001-025  ,Limit Switch MOUJEN MJ-7106 AC240V 10A,,C206.jpg,
ES1S-EL-SL001-026  ,Limit Switch MOUJEN MJ-7303 10A,,,PCS
ES1S-EL-SL003-003  ,Safety Light Curtain PANASONIC SF2C-H16,,C208.jpg,SET
ES1S-EL-SL003-004  ,Safety Light Curtain PANASONIC SF2C-H20,,C209.jpg,SET
ES1S-EL-SS001-005  ,Switch Socket Outlet 13A 2 Gang (PVC),,C210.jpg,PCS
ES1S-EL-SS001-006  ,Switch Socket Outlet 13A 1 Gang (PVC),,C211.jpg,
ES1S-EL-SS001-009  ,Switch Socket Outlet 2 Gang 13A (Metal),,C212.jpg,PCS
ES1S-EL-SS001-014  ,1 Gang 13a Switch Socket Outlet Metal,,C213.jpg,
ES1S-EL-SS001-016  ,Monolever Switch TEND TMR-301AR-BR-3-2b,,C214.jpg,
ES1S-EL-SS002-003  ,SELECTOR SWITCH ON/OFF 30MM,,C215.jpg,PCS
ES1S-EL-SS002-008  ,SELECTOR SWITCH (ON/OFF/ON) 22MM,,,UNIT
ES1S-EL-SS002-013  ,ILLUMINATED SELECTOR SWITCH ON/OFF 22mm,,,PCS
ES1S-EL-SS002-016  ,Illuminated Selector Switch ZB4BK1243,,C218.jpg,PCS
ES1S-EL-SS002-017  ,Selector Switch SCHNEIDER ZB4 BD2,,C219.jpg,
ES1S-EL-SW001-004  ,Floatless Level Switch CIKACHI C61F-GP,,C220.jpg,PCS
ES1S-EL-SW001-019  ,STAINLESS STEEL 304 FLOAT SWITCH,,C221.jpg,PCS
ES1S-EL-SW001-022  ,Floatless Level Switch ANV C61F-GP,,C222.jpg,
ES1S-EL-SW001-024  ,Stainless Steel Angle Floating Switch,,C223.jpg,
ES1S-EL-SW001-026  ,Switch SCHNEIDER KB31_1 16AX 250V 1G1Way,,C224.jpg,
ES1S-EL-TB001-005  ,TERMINAL BLOCK UK3N 2.5MM AC600V 15A,,,PCS
ES1S-EL-TC001-002  ,Temperature Controller RKC CH102,,C226.jpg,
ES1S-EL-TC001-004  ,Temp Controller GOLINK SD660-K4R1DAN,,C227.jpg,
ES1S-EL-TC001-008  ,Temperature Controller OMRON E5CWL-R1P,,C228.jpg,PCS
ES1S-EL-TE002-001  ,TERMINAL COVER OMRON Y92A-48G,,C229.jpg,PCS
ES1S-EL-TI001-001  ,TIMER,,,PCS
ES1S-EL-TI001-005  ,Timer HAGER EH711 24Hours AC230V 72x72,,C231.jpg,
ES1S-EL-TI001-009  ,Twin Timer AUTONICS ATS8W-41 AC240V,,C232.jpg,PCS
ES1S-EL-TL002-001  ,Thermal Overload Relay SCHNEIDER LRD-12,,C233.jpg,PCS
ES1S-EL-TL002-002  ,Tele LC1-D18M7 Contactor SCHNEIDER,,C234.jpg,PCS
ES1S-EL-TRANSFORMER  ,TRANSFORMER,,,PCS
ES1S-EL-TS001-001  ,Timer HAGER EH771 7Days AC230V 72x72,,C236.jpg,
ES1S-EL-UH001-001  ,USB Hub 4 Port,,C237.jpg,
ES1S-EL-VM001-004  ,Analog Voltmeter 500V,,C238.jpg,PCS
ES1S-HW-AB001-010  ,Angle Bar_PVC_(T)5mm_40mm_4m,,C239.jpg,
ES1S-HW-AD002-001  ,Aron Alpha Quick Set Adhesive(20gm),,C240.jpg,BTL
ES1S-HW-BE001-014  ,Bearing 6307 2ZC3_SKF,,C241.jpg,PCS
ES1S-HW-BE001-021  ,Bearing 333_FBJ,,C242.jpg,PCS
ES1S-HW-BE001-025  ,Bearing 6305 2RSC3_SKF,,C243.jpg,
ES1S-HW-BELT-V-001  ,Vee Belt_B100_BANDO,,C244.jpg,PCS
ES1S-HW-BELT-V-A137  ,Vee Belt_A137_BANDO,,C245.jpg,PCS
ES1S-HW-BELT-V-C104  ,Vee Belt_C104_BANDO,,C246.jpg,PCS
ES1S-HW-BELT-V-C105  ,Vee Belt_C105_BANDO,,C247.jpg,PCS
ES1S-HW-BELT-V-SPC3300LW  ,Vee Belt_SPC 3300LW,,C248.jpg,PCS
ES1S-HW-BF002-001  ,Bag Filter For Shot Blasting Machine,,,PCS
ES1S-HW-BO001-001  ,Plastic Dispensing Bottle,,C250.jpg,PCS
ES1S-HW-BO001-002  ,Bottle Spray_500ML,,C251.jpg,PCS
ES1S-HW-BS001-003  ,"Hand Brush 13""",,C252.jpg,PCS
ES1S-HW-BV001-003  ,Vee Belt_A37_BANDO,,C253.jpg,PCS
ES1S-HW-BV001-004  ,Vee Belt_A71_BANDO,,C254.jpg,PCS
ES1S-HW-BV001-007  ,Vee Belt_A73_BANDO,,C255.jpg,PCS
ES1S-HW-BV001-008  ,Vee Belt_B40_BANDO,,C256.jpg,
ES1S-HW-BV001-012  ,Vee Belt_B80_BANDO,,C257.jpg,PCS
ES1S-HW-BV001-020  ,Vee Belt_A40_BANDO,,C258.jpg,PCS
ES1S-HW-BV001-022  ,Vee Belt_A39_BANDO,,C259.jpg,PCS
ES1S-HW-BV001-027  ,Vee Belt_C63_BANDO,,C260.jpg,PCS
ES1S-HW-BV001-028  ,Vee Belt_B56_BANDO,,C261.jpg,PCS
ES1S-HW-BW003-002  ,Battery Distil Water_25LT,,C262.jpg,PAIL
ES1S-HW-CB005-001  ,Brass Brush #204,,C263.jpg,
ES1S-HW-CD001-006  ,"Cutting Disc_PTN_4""",,C264.jpg,PCS
ES1S-HW-CH002-002  ,RK IND. CHAIN #80 X 10FT,,C265.jpg,PCS
ES1S-HW-CN001-002  ,Cutting Nozzle 3/64,,C266.jpg,PCS
ES1S-HW-CO002-003  ,Solenoid Coil with Terminal Box CDA092A,,,SET
ES1S-HW-CP001-005  ,Self-Priming Chemical Pump MAGGIO,,,UNIT
ES1S-HW-CT002-001  ,Cloth Tape 48mm (Brown),,C269.jpg,ROLL
ES1S-HW-CT002-003  ,Cloth Tape 72mmx25yards (Black),,C270.jpg,
ES1S-HW-CW001-002  ,"Cutting Wheel_NORTON_14""_350x3.0x25.4",,C271.jpg,PCS
ES1S-HW-EB001-024  ,Bearing 6306 2RSC3_SKF,,C272.jpg,
ES1S-HW-EC001-001  ,External Circlip A20,,C273.jpg,
ES1S-HW-EL001-001  ,Electrode_2.5mm_S/S,,C274.jpg,KG
"ES1S-HW-ELBOW-G.I-3/8""  ","G.I ELBOW 3/8""",,C275.jpg,
ES1S-HW-FB002-001  ,DUST FILTER BEGS,,C276.jpg,UNIT
ES1S-HW-FB004-001  ,Plastic Flat Broom c/w handle,,C277.jpg,PCS
ES1S-HW-FD003-001  ,"Flap Disc_4""",,C278.jpg,PCS
ES1S-HW-FG001-001  ,Feeler Gauge_13 Blade,,C279.jpg,
ES1S-HW-GA002-002  ,"Pressure Guage_100mmx300PSI_3/8"" Bottom",,C280.jpg,
ES1S-HW-GC001-001  ,"GREASE CUP 1/4"" X 38MM",,C281.jpg,PCS
ES1S-HW-GL001-002  ,Glue-SELLEY’S High Grade Epoxy Putty,,C282.jpg,PKT
ES1S-HW-GW001-001  ,"Grinding Wheel 4""",,C283.jpg,PCS
ES1S-HW-MS002-003  ,"Magnetic Contactor ""FUJI"" SC-4-1",,C284.jpg,PCS
ES1S-HW-NB001-001  ,H.D Nylon Broom c/w Handle,,C285.jpg,PCS
ES1S-HW-NOZZLE-CUT-1/16  ,Cutting Nozzle 1/16,,C286.jpg,PCS
ES1S-HW-OP001-001  ,OIL PUMP NIDEC,,,UNIT
ES1S-HW-OT001-001  ,Clear Opp Tape(48mm),,C288.jpg,
ES1S-HW-PB001-001  ,"Paint Brush 2""",,C289.jpg,PCS
ES1S-HW-PB001-002  ,"Paint Brush 1"" x 750",,C290.jpg,PCS
ES1S-HW-PB001-005  ,"Paint Brush 4""",,C291.jpg,PCS
ES1S-HW-PR001-001  ,"Paint Roller Refill 4""",,C292.jpg,PCS
ES1S-HW-PS010-002  ,Photoelectric Sensors KEYENCE PZ2-61,,,
ES1S-HW-PS010-003  ,Photo Sensor Autonic BRQM100-DDTA,,C294.jpg,
ES1S-HW-PT003-001  ,PVC Tape (Black),,C295.jpg,PCS
ES1S-HW-PU001-027  ,PVC Pressure Sprayer_1L,,C296.jpg,PCS
ES1S-HW-SF003-003  ,Shaft_705_Dia55mmx145mm(L),,,
ES1S-HW-SP003-001  ,Sand Paper SWALLOW #150,,C298.jpg,PCS
ES1S-HW-SP003-002  ,Sand Paper SWALLOW #500,,C299.jpg,PCS
ES1S-HW-SP003-003  ,Sand Paper SWALLOW #1000,,C300.jpg,PCS
ES1S-HW-SP004-001  ,Paint Spray - Red,,C301.jpg,PCS
ES1S-HW-SP004-004  ,Paint Spray - Orange,,C302.jpg,
ES1S-HW-SP004-010  ,Paint Spray - Silver,,C303.jpg,
ES1S-HW-SP004-012  ,Aerosol Spray Paint ANCHOR,,,
ES1S-HW-SP004-018  ,Starwill Spray Grease SW-99,,C305.jpg,TIN
ES1S-HW-SP009-001  ,"Sand Paper Roll_2""x#120",,C306.jpg,
ES1S-HW-ST003-001  ,Sealing Tape(PTFE)12mm X 0.075mm,,C307.jpg,ROLL
ES1S-HW-TC002-005  ,Trap Cover for STARITE Pump 5P6R6,,C308.jpg,
ES1S-HW-UNI-BELT-A057U  ,Vee Belt_A057_UNI,,C309.jpg,PCS
ES1S-HW-VB001-010  ,Vee Belt_SPC 3150LW_BANDO,,C310.jpg,PCS
ES1S-HW-VB001-012  ,Vee Belt_A92_BANDO,,C311.jpg,PCS
ES1S-HW-WD001-001  ,"Wheel Dresser Sharpening Stone 6""X2""X1""",,C312.jpg,PCS
ES1S-HW-WE001-001  ,MOX Welding Electrode_MS6013_2.6mm,,C313.jpg,KG
ES1S-HW-WE001-002  ,MOX Welding Electrode MS6013 3.25mm,,C314.jpg,KG
ES1S-LB-GR001-001  ,Selso Chassis Grease NO.2(RED COLOUR),,C315.jpg,PAIL
ES1S-LB-GR001-006  ,WHITE LITHIUM GREASE 3 IN 1,,C316.jpg,TIN
ES1S-LB-GR001-009  ,1kg LGHP 2/1 SKF Hi-Temp Grease,,C317.jpg,
ES1S-LB-OI001-001  ,Tap Matic Oil,,C318.jpg,BTL
ES1S-MC-PG001-006  ,Pressure Gauge Magnehelic Differential_8,,C319.jpg,
ES1S-MC-PG001-011  ,"Pressure Gauge 1/4"" Bottom Connection",,C320.jpg,
ES1S-MC-PG001-020  ,Pressure Gauge Magnehelic Differential_1,,C321.jpg,
ES1S-MC-PH001-001  ,GLI PC1R1N Combination PH Sensor,,C322.jpg,
ES1S-MC-WS001-005  ,Electronic Pocket Scale 500g x 0.01g,,C323.jpg,
ES1S-PC-DB001-001  ,Plastic Dust Bin,,C324.jpg,
ES1S-PC-DP001-001  ,Plastic Dust Pan,,C325.jpg,PCS
ES1S-PC-WS001-001  ,Digital Body Weighing Scale,,C326.jpg,
ES1S-PD-AR001-002  ,Anti-Rust RP7 - Selley's,,C327.jpg,TIN
ES1S-PD-WS001-001  ,5 Pin Socket(Waterproof) AC380~415V 63A,,C328.jpg,PCS
ES1S-PG-FT001-001  ,Face Towel,,C329.jpg,
ES1S-PH-EC001-002  ,"Elbow Connector_M10x1/2""(PL 10-04)",,C330.jpg,PCS
ES1S-PH-GE001-003  ,"Elbow_GI_2""",,C331.jpg,
ES1S-PH-GU001-002  ,"Union_GI_1/2""",,C332.jpg,
ES1S-PH-OS001-002  ,Oil Seal 15x30x7,,C333.jpg,
ES1S-PN-AC005-002  ,Air Hose Coupler 40PH,,C334.jpg,
ES1S-PN-AP001-003  ,"Air Coupler 20PF (1/4"" Female Coupler)",,C335.jpg,PCS
ES1S-PN-AP001-005  ,"Air Coupler 30PF (3/8"" Female Coupler)",,C336.jpg,PCS
ES1S-PN-AP001-006  ,"Male Plug Coupler_1/4""(20PM)",,C337.jpg,PCS
ES1S-PN-AP001-007  ,"Air Coupler 30SH (3/8"" Male Coupler)",,C338.jpg,PCS
ES1S-PN-BS001-002  ,"Brass Silencer_3/8""",,C339.jpg,PCS
ES1S-PN-BS001-004  ,"Brass Silencer 1/4""(SL-02)",,C340.jpg,PCS
ES1S-PN-CN001-001  ,CUTTING NOZZLE 1/32,,C341.jpg,PCS
ES1S-PN-CONNECTOR-MALE-001  ,"MALE CONNECTOR M12 X 3/8"" (PC 12-03)",,C342.jpg,PCS
ES1S-PN-COUPLER-SOCKET-CPS-20-6B  ,COUPLER SOCKET CPS 20 6B (PISCO),,C343.jpg,PCS
ES1S-PN-CS001-001  ,Air Cylinder Seal_16x24x5.5x7.3,,C344.jpg,PCS
ES1S-PN-CS001-002  ,Air Cylinder Seal_20x28x5.5x7.3,,C345.jpg,
ES1S-PN-CS001-003  ,Air Cylinder Seal_25x33x5.5x7.3,,C346.jpg,PCS
ES1S-PN-CS001-004  ,Air Cylinder Seal_32x40x3,,,PCS
ES1S-PN-CS002-001  ,Coupler Socket_CPP_20_8B_PISCO,,C348.jpg,PCS
ES1S-PN-CS002-003  ,Coupler Socket_CPP_20_6B_PISCO,,C349.jpg,PCS
ES1S-PN-CS002-004  ,Coupler Socket CPS 20 8B (PISCO),,C350.jpg,PCS
ES1S-PN-EC001-001  ,"Elbow Connector_M8x1/2""(PL 08-04)",,C351.jpg,PCS
ES1S-PN-ET001-001  ,Equal Tee_M8_PUT 0800,,C352.jpg,PCS
ES1S-PN-GN001-005  ,"Nipple_S/S_1/2""",,,
ES1S-PN-GN001-007  ,"Straight Grease Nipple 1/8""",,C354.jpg,PCS
ES1S-PN-HC001-007  ,Press Hydraulic Cylinder_Bore 55x30x50,,C355.jpg,
ES1S-PN-MALE-BRANCH-TEE-PT-08-02  ,MALE BRANCH TEE (PT 08-02),,C356.jpg,PCS
ES1S-PN-MALE-ELBOW-PL-08-01  ,"Male Elbow M8 x 1/8""(PL 08-01)",,C357.jpg,
ES1S-PN-MALE-ELBOW-PL-10-01  ,"MALE ELBOW M10 X 1/8"" (PL 10-01)",,C358.jpg,PCS
ES1S-PN-MC001-001  ,"Male Connector M6 X ½"" (PC 06-04)",,C359.jpg,PCS
ES1S-PN-MC001-003  ,Male Connector M8 X 1/4 (PC 08-02),,C360.jpg,PCS
ES1S-PN-MC001-004  ,"Male Connector_M8x1/8""(PC 08-01)",,C361.jpg,PCS
ES1S-PN-MC001-007  ,"Male Connector_M10x1/4""(PC 10-02)",,C362.jpg,PCS
ES1S-PN-MC001-011  ,"Male Connector_M6x1/4""(PC 06-02)",,C363.jpg,PCS
ES1S-PN-MC001-012  ,"Male Connector_M6x1/8""(PC 06-01)",,C364.jpg,PCS
ES1S-PN-ME001-001  ,"Male Elbow_M10x1/4""(PL 10-02)",,C365.jpg,PCS
ES1S-PN-ME001-002  ,"Male Elbow M8 x 3/8""(PL 08-03)",,C366.jpg,PCS
ES1S-PN-ME001-018  ,"Male Elbow_M6 x 1/4""(PL 06-02)",,C367.jpg,PCS
ES1S-PN-ME001-022  ,"Male Elbow_M8x1/8""_PL 08-01",,C368.jpg,PCS
ES1S-PN-OS001-028  ,Oil Seal TC 25x47x8,,C369.jpg,PCS
ES1S-PN-PS002-010  ,Piston Seal_70x80x6_GLY,,C370.jpg,PCS
ES1S-PN-PS002-011  ,Piston Seal_ 40x50x6 (GLY),,C371.jpg,PCS
ES1S-PN-PS007-001  ,PP Seal 36x46x7.8/6.2,,,
ES1S-PN-PU001-001  ,PU Tubing M8,,C373.jpg,METER
ES1S-PN-PU001-002  ,PU Tubing M12,,C374.jpg,METER
ES1S-PN-PU001-010  ,PU Tubing M10,,C375.jpg,METER
ES1S-PN-PU001-011  ,PU Tubing M6 X 4 BLACK,,C376.jpg,METER
ES1S-PN-PUC-1200-STRAIGHT-UNION  ,STRAIGHT UNION M12 (PUC 1200),,C377.jpg,PCS
ES1S-PN-QC001-003  ,Quick Coupler_40SM,,C378.jpg,PCS
ES1S-PN-RU001-001  ,Reducer Union M8xM6(PG 08-06),,C379.jpg,PCS
ES1S-PN-SC001-001  ,"Speed Controller_M10x1/4""(SC 10-02)",,C380.jpg,PCS
ES1S-PN-SC001-002  ,"Speed Controller M10 X 1/2""(SC 10-04)",,C381.jpg,PCS
ES1S-PN-SC001-005  ,"Speed Controller M8 X 3/8"" (SC 08-03)",,C382.jpg,PCS
ES1S-PN-SC001-007  ,"Speed Controller M10 x 3/8""(SC 10-03)",,C383.jpg,
ES1S-PN-SC001-011  ,"Speed Controller M6 X 1/8"" (SC 06-01)",,C384.jpg,PCS
ES1S-PN-SC001-019  ,"Speed Controller M8 X 1/4"" (SC 08-02)",,C385.jpg,PCS
ES1S-PN-SL001-002  ,EU-PKR Seal_20x30x10.7,,C386.jpg,PCS
ES1S-PN-SL001-005  ,U-Seal 40,,C387.jpg,
ES1S-PN-SL001-015  ,Seal TWN EU_25x35x11.20,,C388.jpg,PCS
ES1S-PN-SL001-017  ,VAL UHS 85,,C389.jpg,
ES1S-PN-SPEED-CONTROLLER-001  ,SPEED CONTROLLER M6 X M5 (SC 06-M5),,C390.jpg,PCS
ES1S-PN-SU001-001  ,Straight Union_M6_PUC 0600,,C391.jpg,PCS
ES1S-PN-SU001-002  ,Straight Union_M10_PUC 1000,,C392.jpg,
ES1S-PN-SU001-003  ,Straight Union_M8_PUC 0800,,C393.jpg,PCS
ES1S-PN-SV001-001  ,SHUTTER VALVE SET,,,SET
ES1S-PN-UE001-002  ,Union Elbow M10_PUL 1000,,C395.jpg,PCS
ES1S-PN-UNION-ELBOW-PUL-0800  ,UNION ELBOW M6 (PUL 0800),,C396.jpg,PCS
ES1S-PN-UT001-002  ,UNION TEE M12 (PUT 1200),,C397.jpg,PCS
ES1S-PN-UT001-003  ,Union Tee_M6_PUT 0600,,C398.jpg,PCS
ES1S-PN-VL001-018  ,"Ball Valve_1/2""",,C399.jpg,
ES1S-PN-VL001-043  ,"True Union Ball Valve_UPVC_2""_WHITE",,C400.jpg,
ES1S-PN-VL004-004  ,Solenoid Valve 4V320-10  AC220V,,C401.jpg,
ES1S-PN-VL004-005  ,Solenoid Valve 4V310-10 AC220V,,C402.jpg,PCS
ES1S-PN-VL004-007  ,Solenoid Valve 4V220-08 AC220V,,C403.jpg,PCS
ES1S-PN-VL004-009  ,Solenoid Valve 4V110-06 DC24V,,C404.jpg,PCS
ES1S-PN-VL004-027  ,SOLENOID VALVE 4F210-08-AC220V,,C405.jpg,PCS
ES1S-PN-VL004-034  ,Solenoid Valve_4V110-06_AC220V,,C406.jpg,PCS
ES1S-PN-VL004-035  ,SOLENOID VALVE RIKEN MSW-4H-2 FOR 200V,,C407.jpg,PCS
ES1S-PN-VL004-053  ,5/2 Way Solenoid Valve 4V230C-08 AC220V,,C408.jpg,
ES1S-PN-VL004-054  ,5/2 way Solenoid Valve 4V310-08 DC24V,,C409.jpg,
ES1S-PN-VL007-001  ,Pilot Valve GOYEN RCA 3D2,,C410.jpg,
ES1S-PN-VL007-002  ,Valve GOYEN RCA-45DD,,C411.jpg,
ES1S-PN-VR001-008  ,V Ring_20 A,,C412.jpg,
ES1S-PN-VR001-009  ,V Ring 18mm,,C413.jpg,
ES1S-PN-YC001-002  ,Y CONNECTOR M8 (PY 0800),,C414.jpg,PCS
ES1S-SM-BB001-001  ,Bearing 6003 ZZ_YAMADA,,C415.jpg,PCS
ES1S-SM-BB001-002  ,Bearing 6202 ZZC3_SKF,,C416.jpg,
ES1S-SM-BB001-019  ,Bearing 6309 2RSC3_SKF,,C417.jpg,
ES1S-SM-BB001-042  ,Bearing 6304 2ZRC3_FAG,,C418.jpg,PCS
ES1S-SM-BB001-052  ,Pillow Block Bearing UCP204_ID20mm,,C419.jpg,PCS
ES1S-SM-BB001-100  ,Bearing 6205 2RSC3_SKF,,C420.jpg,PCS
ES1S-SM-BB001-101  ,Bearing 6202 2RSC3_SKF,,C421.jpg,
ES1S-SM-BB001-104  ,Bearing UC210,,C422.jpg,
ES1S-SM-BB001-121  ,Bearing 6008 2Z_SKF,,C423.jpg,PCS
ES1S-SM-BB001-129  ,Bearing 6204 2RSC3_SKF,,C424.jpg,PCS
ES1S-SM-BB001-144  ,Bearing 6210 ZZ_SKF,,C425.jpg,PCS
ES1S-SM-BB001-148  ,Bearing 6210 ZZC3_FAG,,C426.jpg,
ES1S-SM-BB001-176  ,Bearing 6309 ZZC3_SKF,,C427.jpg,
ES1S-SM-BB001-208  ,Bearing 6901 ZZ_FBJ_S/S,,C428.jpg,PCS
ES1S-SM-BB001-220  ,Bearing 6207 2ZC3GJN_SKF,,C429.jpg,PCS
ES1S-SM-BB002-001  ,Bearing Linear Shaft LMF 16UU,,C430.jpg,PCS
ES1S-SM-BB002-003  ,Bearing Linear Shaft LMF 30UU,,C431.jpg,PCS
ES1S-SM-BB002-004  ,Bearing Linear Shaft LM 25NUU,,C432.jpg,PCS
ES1S-SM-BEARING-6214ZZ-C3  ,Bearing 6214 ZZC3 (SKF) obselete,,,NOS
ES1S-SM-BH001-001  ,TAPER BUSHING 1610 - 16MM BORE,,C434.jpg,PCS
ES1S-SM-CP002-001  ,HEAT FURNACE ABSORBER 50MM x 6MM x 30M,,,ROLL
ES1S-SM-FR001-016  ,FEMALE ROLLER 2.15 ~ 4,,,PCS
ES1S-SM-IM001-003  ,Induction Aluminium Cage Motor 10HP,,C437.jpg,UNIT
ES1S-SM-LB001-001  ,Linear Bearing LMF20UU,,C438.jpg,PCS
ES1S-SM-LOCK-NUT-KM5  ,SKF KM5 LOCK NUT,,C439.jpg,PCS
ES1S-SM-OS001-001  ,Oil Seal_45x65x8,,C440.jpg,
ES1S-SM-PL001-001  ,TAPER BUSHED PULLEY 1 SPZ 118,,C441.jpg,PCS
ES1S-SM-PL002-020  ,Vee Belt_C102_BANDO,,C442.jpg,PCS
ES1S-SM-PL002-057  ,"V-Belt Pulley B3x16""",,,
ES1S-SM-PS001-001  ,Submersible Pump VITALI BF-205A,,C444.jpg,UNIT
ES1S-SM-PU001-001  ,Metering Pump TACMINA CSII-600-VTCF-HW,,C445.jpg,
ES1S-SM-RH002-005  ,Roulette Holder(S50C)4M-4919,,,
